{
	"pattrstorage" : 	{
		"name" : "cal",
		"slots" : 		{
			"1" : 			{
				"id" : 1,
				"data" : 				{
					"patcher::fr-ul" : [ 0.251, 0.288 ],
					"patcher::fr-ur" : [ 0.774, 0.26 ],
					"patcher::fr-lr" : [ 0.673, 0.77 ],
					"patcher::fr-ll" : [ 0.351, 0.82 ],
					"patcher::fr-local" : [ 0.632825, -0.155642, 0.034743, -0.046326, 0.438945, 0.038409, -0.146134, -0.588721, 1.0 ],
					"patcher::fr-hom" : [ 1.705902, 0.499651, -0.07846, 0.150476, 2.357664, -0.095784, 0.337878, 1.461023, 1.0 ]
				}

			}

		}

	}

}
